{"metadata":{"modules":{"imports":[],"exports":{"exported":[],"specifiers":[]}},"usedHelpers":[]},"ignored":false,"code":"// XXX These should probably not actually be public?\n\nAccountsServer.prototype.urls = {\n  resetPassword: function (token) {\n    return Meteor.absoluteUrl('#/reset-password/' + token);\n  },\n\n  verifyEmail: function (token) {\n    return Meteor.absoluteUrl('#/verify-email/' + token);\n  },\n\n  enrollAccount: function (token) {\n    return Meteor.absoluteUrl('#/enroll-account/' + token);\n  }\n};","ast":null,"map":{"version":3,"sources":["/url_server.js"],"names":[],"mappings":";;AAEA,cAAc,CAAC,SAAS,CAAC,IAAI,GAAG;AAC9B,eAAa,EAAE,UAAU,KAAK,EAAE;AAC9B,WAAO,MAAM,CAAC,WAAW,CAAC,mBAAmB,GAAG,KAAK,CAAC,CAAC;GACxD;;AAED,aAAW,EAAE,UAAU,KAAK,EAAE;AAC5B,WAAO,MAAM,CAAC,WAAW,CAAC,iBAAiB,GAAG,KAAK,CAAC,CAAC;GACtD;;AAED,eAAa,EAAE,UAAU,KAAK,EAAE;AAC9B,WAAO,MAAM,CAAC,WAAW,CAAC,mBAAmB,GAAG,KAAK,CAAC,CAAC;GACxD;CACF,CAAC","file":"/url_server.js.map","sourcesContent":["// XXX These should probably not actually be public?\n\nAccountsServer.prototype.urls = {\n  resetPassword: function (token) {\n    return Meteor.absoluteUrl('#/reset-password/' + token);\n  },\n\n  verifyEmail: function (token) {\n    return Meteor.absoluteUrl('#/verify-email/' + token);\n  },\n\n  enrollAccount: function (token) {\n    return Meteor.absoluteUrl('#/enroll-account/' + token);\n  }\n};\n"]},"hash":"7dd4ff84be4f00928838dbb32f29c5632be148d0"}
